[{"model": "auth.permission", "pk": 1, "fields": {"name": "Can add log entry", "content_type": 1, "codename": "add_logentry"}}, {"model": "auth.permission", "pk": 2, "fields": {"name": "Can change log entry", "content_type": 1, "codename": "change_logentry"}}, {"model": "auth.permission", "pk": 3, "fields": {"name": "Can delete log entry", "content_type": 1, "codename": "delete_logentry"}}, {"model": "auth.permission", "pk": 4, "fields": {"name": "Can add group", "content_type": 2, "codename": "add_group"}}, {"model": "auth.permission", "pk": 5, "fields": {"name": "Can change group", "content_type": 2, "codename": "change_group"}}, {"model": "auth.permission", "pk": 6, "fields": {"name": "Can delete group", "content_type": 2, "codename": "delete_group"}}, {"model": "auth.permission", "pk": 7, "fields": {"name": "Can add permission", "content_type": 3, "codename": "add_permission"}}, {"model": "auth.permission", "pk": 8, "fields": {"name": "Can change permission", "content_type": 3, "codename": "change_permission"}}, {"model": "auth.permission", "pk": 9, "fields": {"name": "Can delete permission", "content_type": 3, "codename": "delete_permission"}}, {"model": "auth.permission", "pk": 10, "fields": {"name": "Can add content type", "content_type": 4, "codename": "add_contenttype"}}, {"model": "auth.permission", "pk": 11, "fields": {"name": "Can change content type", "content_type": 4, "codename": "change_contenttype"}}, {"model": "auth.permission", "pk": 12, "fields": {"name": "Can delete content type", "content_type": 4, "codename": "delete_contenttype"}}, {"model": "auth.permission", "pk": 13, "fields": {"name": "Can add session", "content_type": 5, "codename": "add_session"}}, {"model": "auth.permission", "pk": 14, "fields": {"name": "Can change session", "content_type": 5, "codename": "change_session"}}, {"model": "auth.permission", "pk": 15, "fields": {"name": "Can delete session", "content_type": 5, "codename": "delete_session"}}, {"model": "auth.permission", "pk": 16, "fields": {"name": "Can add product category", "content_type": 6, "codename": "add_productcategory"}}, {"model": "auth.permission", "pk": 17, "fields": {"name": "Can change product category", "content_type": 6, "codename": "change_productcategory"}}, {"model": "auth.permission", "pk": 18, "fields": {"name": "Can delete product category", "content_type": 6, "codename": "delete_productcategory"}}, {"model": "auth.permission", "pk": 19, "fields": {"name": "Can add product", "content_type": 7, "codename": "add_product"}}, {"model": "auth.permission", "pk": 20, "fields": {"name": "Can change product", "content_type": 7, "codename": "change_product"}}, {"model": "auth.permission", "pk": 21, "fields": {"name": "Can delete product", "content_type": 7, "codename": "delete_product"}}, {"model": "auth.permission", "pk": 22, "fields": {"name": "Can add user", "content_type": 8, "codename": "add_shopuser"}}, {"model": "auth.permission", "pk": 23, "fields": {"name": "Can change user", "content_type": 8, "codename": "change_shopuser"}}, {"model": "auth.permission", "pk": 24, "fields": {"name": "Can delete user", "content_type": 8, "codename": "delete_shopuser"}}, {"model": "auth.permission", "pk": 25, "fields": {"name": "Can add basket", "content_type": 9, "codename": "add_basket"}}, {"model": "auth.permission", "pk": 26, "fields": {"name": "Can change basket", "content_type": 9, "codename": "change_basket"}}, {"model": "auth.permission", "pk": 27, "fields": {"name": "Can delete basket", "content_type": 9, "codename": "delete_basket"}}, {"model": "auth.permission", "pk": 28, "fields": {"name": "Can view log entry", "content_type": 1, "codename": "view_logentry"}}, {"model": "auth.permission", "pk": 29, "fields": {"name": "Can view permission", "content_type": 3, "codename": "view_permission"}}, {"model": "auth.permission", "pk": 30, "fields": {"name": "Can view group", "content_type": 2, "codename": "view_group"}}, {"model": "auth.permission", "pk": 31, "fields": {"name": "Can view content type", "content_type": 4, "codename": "view_contenttype"}}, {"model": "auth.permission", "pk": 32, "fields": {"name": "Can view session", "content_type": 5, "codename": "view_session"}}, {"model": "auth.permission", "pk": 33, "fields": {"name": "Can view product", "content_type": 7, "codename": "view_product"}}, {"model": "auth.permission", "pk": 34, "fields": {"name": "Can view product category", "content_type": 6, "codename": "view_productcategory"}}, {"model": "auth.permission", "pk": 35, "fields": {"name": "Can view user", "content_type": 8, "codename": "view_shopuser"}}, {"model": "auth.permission", "pk": 36, "fields": {"name": "Can view basket", "content_type": 9, "codename": "view_basket"}}, {"model": "auth.permission", "pk": 37, "fields": {"name": "Can add association", "content_type": 10, "codename": "add_association"}}, {"model": "auth.permission", "pk": 38, "fields": {"name": "Can change association", "content_type": 10, "codename": "change_association"}}, {"model": "auth.permission", "pk": 39, "fields": {"name": "Can delete association", "content_type": 10, "codename": "delete_association"}}, {"model": "auth.permission", "pk": 40, "fields": {"name": "Can view association", "content_type": 10, "codename": "view_association"}}, {"model": "auth.permission", "pk": 41, "fields": {"name": "Can add code", "content_type": 11, "codename": "add_code"}}, {"model": "auth.permission", "pk": 42, "fields": {"name": "Can change code", "content_type": 11, "codename": "change_code"}}, {"model": "auth.permission", "pk": 43, "fields": {"name": "Can delete code", "content_type": 11, "codename": "delete_code"}}, {"model": "auth.permission", "pk": 44, "fields": {"name": "Can view code", "content_type": 11, "codename": "view_code"}}, {"model": "auth.permission", "pk": 45, "fields": {"name": "Can add nonce", "content_type": 12, "codename": "add_nonce"}}, {"model": "auth.permission", "pk": 46, "fields": {"name": "Can change nonce", "content_type": 12, "codename": "change_nonce"}}, {"model": "auth.permission", "pk": 47, "fields": {"name": "Can delete nonce", "content_type": 12, "codename": "delete_nonce"}}, {"model": "auth.permission", "pk": 48, "fields": {"name": "Can view nonce", "content_type": 12, "codename": "view_nonce"}}, {"model": "auth.permission", "pk": 49, "fields": {"name": "Can add user social auth", "content_type": 13, "codename": "add_usersocialauth"}}, {"model": "auth.permission", "pk": 50, "fields": {"name": "Can change user social auth", "content_type": 13, "codename": "change_usersocialauth"}}, {"model": "auth.permission", "pk": 51, "fields": {"name": "Can delete user social auth", "content_type": 13, "codename": "delete_usersocialauth"}}, {"model": "auth.permission", "pk": 52, "fields": {"name": "Can view user social auth", "content_type": 13, "codename": "view_usersocialauth"}}, {"model": "auth.permission", "pk": 53, "fields": {"name": "Can add partial", "content_type": 14, "codename": "add_partial"}}, {"model": "auth.permission", "pk": 54, "fields": {"name": "Can change partial", "content_type": 14, "codename": "change_partial"}}, {"model": "auth.permission", "pk": 55, "fields": {"name": "Can delete partial", "content_type": 14, "codename": "delete_partial"}}, {"model": "auth.permission", "pk": 56, "fields": {"name": "Can view partial", "content_type": 14, "codename": "view_partial"}}, {"model": "auth.permission", "pk": 57, "fields": {"name": "Can add shop user profile", "content_type": 15, "codename": "add_shopuserprofile"}}, {"model": "auth.permission", "pk": 58, "fields": {"name": "Can change shop user profile", "content_type": 15, "codename": "change_shopuserprofile"}}, {"model": "auth.permission", "pk": 59, "fields": {"name": "Can delete shop user profile", "content_type": 15, "codename": "delete_shopuserprofile"}}, {"model": "auth.permission", "pk": 60, "fields": {"name": "Can view shop user profile", "content_type": 15, "codename": "view_shopuserprofile"}}, {"model": "auth.permission", "pk": 61, "fields": {"name": "Can add заказ", "content_type": 16, "codename": "add_order"}}, {"model": "auth.permission", "pk": 62, "fields": {"name": "Can change заказ", "content_type": 16, "codename": "change_order"}}, {"model": "auth.permission", "pk": 63, "fields": {"name": "Can delete заказ", "content_type": 16, "codename": "delete_order"}}, {"model": "auth.permission", "pk": 64, "fields": {"name": "Can view заказ", "content_type": 16, "codename": "view_order"}}, {"model": "auth.permission", "pk": 65, "fields": {"name": "Can add order item", "content_type": 17, "codename": "add_orderitem"}}, {"model": "auth.permission", "pk": 66, "fields": {"name": "Can change order item", "content_type": 17, "codename": "change_orderitem"}}, {"model": "auth.permission", "pk": 67, "fields": {"name": "Can delete order item", "content_type": 17, "codename": "delete_orderitem"}}, {"model": "auth.permission", "pk": 68, "fields": {"name": "Can view order item", "content_type": 17, "codename": "view_orderitem"}}, {"model": "sessions.session", "pk": "5rktsffzki9b6lp96ny7ii5t7l0e6wse", "fields": {"session_data": "YzU2MWQyOGQ4MjA3MGYxYjI0ODA0ZDk2MmFhOTE1MTQwYWM0YWEyODp7Il9hdXRoX3VzZXJfaWQiOiIxIiwiX2F1dGhfdXNlcl9iYWNrZW5kIjoiZGphbmdvLmNvbnRyaWIuYXV0aC5iYWNrZW5kcy5Nb2RlbEJhY2tlbmQiLCJfYXV0aF91c2VyX2hhc2giOiIzNWRkM2ZjNWU1YmM0MTYwNmNlMjg1ZDI5NTJmZmEzN2FlMzFjNGY2In0=", "expire_date": "2020-05-18T17:08:56.966Z"}}, {"model": "sessions.session", "pk": "8fkr3jc1smd7rc42ymkdbh8api1n9r4w", "fields": {"session_data": "YTUxNDVhMjFmM2JkMGQ1NjMzOTZjMTQ5MTkzYWZmOTkxYzdhZmM3MDp7Il9hdXRoX3VzZXJfaWQiOiIxIiwiX2F1dGhfdXNlcl9oYXNoIjoiNzRhYzZmYmZmZTQ0MjI0MGZlMjQxOGRkMGM5YjdkY2Y3ODU5ODNiNiIsIl9hdXRoX3VzZXJfYmFja2VuZCI6ImRqYW5nby5jb250cmliLmF1dGguYmFja2VuZHMuTW9kZWxCYWNrZW5kIn0=", "expire_date": "2017-11-01T19:51:52.681Z"}}, {"model": "sessions.session", "pk": "9u1qx8kb7uv5nixnpcjg39g76fyjfrb0", "fields": {"session_data": ".eJxVjDEOAiEQRe9CbQgyyDKW9p6BMDDIqoFk2a2Md1eSLfSX_728l_BhW4vfOi9-TuIsjuLw-1GID64DpHuotyZjq-sykxyK3GmX15b4edndv0AJvYwsaUAzATpAIm0J2GG2kE-sNWqTASwwZzMxsrVIqPR3USkbsqMs3h-9PTct:1lv0Eo:8FNCkQ8SIRUrIz7DmdeUpWk5ciJtHYggM19gYo6qQy0", "expire_date": "2021-07-04T16:23:58.928Z"}}, {"model": "sessions.session", "pk": "bsu9tu3h4q4lbgs7zruahqxrhhy4sd83", "fields": {"session_data": "OWU3NzBiZWZiYWNjYzBlZmQ0M2VkNjk4ZDk5ZWYyZGNjYjAwMGQ0Njp7Il9hdXRoX3VzZXJfYmFja2VuZCI6ImRqYW5nby5jb250cmliLmF1dGguYmFja2VuZHMuTW9kZWxCYWNrZW5kIiwiX2F1dGhfdXNlcl9pZCI6IjEiLCJfYXV0aF91c2VyX2hhc2giOiI3NGFjNmZiZmZlNDQyMjQwZmUyNDE4ZGQwYzliN2RjZjc4NTk4M2I2In0=", "expire_date": "2017-11-04T09:38:15.540Z"}}, {"model": "sessions.session", "pk": "d66i5c551fvm9zztsp6k9ynoa100ru6k", "fields": {"session_data": "e30:1lw6cr:KXOhWkfIVBNolbKaVasEpv_I4gVXG9QcGu1Sqq8cbjo", "expire_date": "2021-07-07T17:25:21.774Z"}}, {"model": "sessions.session", "pk": "dgcbp4gpg5ys6cbl67fhrc1qbe3as23f", "fields": {"session_data": ".eJxVjDEOAiEQRe9CbQgyyDKW9p6BMDDIqoFk2a2Md1eSLfSX_728l_BhW4vfOi9-TuIsjuLw-1GID64DpHuotyZjq-sykxyK3GmX15b4edndv0AJvYwsaUAzATpAIm0J2GG2kE-sNWqTASwwZzMxsrVIqPR3USkbsqMs3h-9PTct:1lxsub:Z2ttE2K4s6beGdohj5KR1cj5k08FWAdYVb_P3qTw3Sg", "expire_date": "2021-07-12T15:11:01.037Z"}}, {"model": "sessions.session", "pk": "k27i9wkc0clujow3r60plueoj38xfc3o", "fields": {"session_data": ".eJxVj02LwjAURf9L1mMnTdq0cediQHFmBBVdhny8TGNLCiaWQfG_m4qIbs_l3PveBXn4j2iKPtEHGtpJL0-xISJEGSHR9WrrzzTGxeBr--U2lh5M9HvjWPUz_978JkmMhjgFOApnkpLTd6ikbsGPSei1k53Q_RGyBw3Z0Ga75Wo2rr57jQxNkgiu61ypHOpCqUoqXXEtCwNEW0ZLwyjmpbbYWGp4AYUlUGGjVckYsRg4T6WP3Xt1J0MUXf_n_Mthz7_R9QY4Ulpf:1lw7Gt:oT7ekc9XceUpl3J6jwHLESTLEm_nE3WdDCMbrNa86Aw", "expire_date": "2021-07-07T18:06:43.500Z"}}, {"model": "sessions.session", "pk": "p885ugnwfms36txwk014qgi9ln269cqw", "fields": {"session_data": ".eJxVjDEOAiEQRe9CbQgyyDKW9p6BMDDIqoFk2a2Md1eSLfSX_728l_BhW4vfOi9-TuIsjuLw-1GID64DpHuotyZjq-sykxyK3GmX15b4edndv0AJvYwsaUAzATpAIm0J2GG2kE-sNWqTASwwZzMxsrVIqPR3USkbsqMs3h-9PTct:1m3Iwi:1cBQrCK92tWu7YPtGEYBmhP2XIWPeWt9p2pz4VL2-9I", "expire_date": "2021-07-27T13:59:36.337Z"}}, {"model": "sessions.session", "pk": "smdmbais9wmbggr65qbxehi9hyhzh7rh", "fields": {"session_data": ".eJxVjMEOwiAQRP-FsyHsGrbg0bvfQBZYpGpoUtqT8d9tkx40c5v3Zt4q8LrUsHaZw5jVRQGq028ZOT2l7SQ_uN0nnaa2zGPUu6IP2vVtyvK6Hu7fQeVet7UgFUYLjmwBk8QARc6lILvBp1KIo1g6eweA3mImgzA4YyxvSULq8wULvDfN:1lw75U:5g--JYrVeIEVlCbOHsCpk1zXCSIxyGbiBOnFoVAnxxc", "expire_date": "2021-07-07T17:54:56.611Z"}}, {"model": "sessions.session", "pk": "tmesctfrv806fpc8bfecfogrql2u5e5h", "fields": {"session_data": "ZmE4OThlZDdlYzU1M2MxNzI1Yzg4M2FkOGNkM2ZlOTBjMDM4ZjIyNDp7Il9hdXRoX3VzZXJfaWQiOiIxIiwiX2F1dGhfdXNlcl9iYWNrZW5kIjoiZGphbmdvLmNvbnRyaWIuYXV0aC5iYWNrZW5kcy5Nb2RlbEJhY2tlbmQiLCJfYXV0aF91c2VyX2hhc2giOiI3NGFjNmZiZmZlNDQyMjQwZmUyNDE4ZGQwYzliN2RjZjc4NTk4M2I2In0=", "expire_date": "2017-11-01T12:54:45.937Z"}}, {"model": "mainapp.productcategory", "pk": 1, "fields": {"name": "дом", "description": "отличная мебель для домашнего интерьера.", "is_active": true}}, {"model": "mainapp.productcategory", "pk": 2, "fields": {"name": "офис", "description": "стильная и надежная офисная мебель нового поколения. 2017 модельный год", "is_active": true}}, {"model": "mainapp.productcategory", "pk": 3, "fields": {"name": "модерн", "description": "мебель в стиле МОДЕРН подойдет для любого интерьера. И для вашего", "is_active": true}}, {"model": "mainapp.productcategory", "pk": 4, "fields": {"name": "классика", "description": "классический стиль актуален в любые времена.", "is_active": true}}, {"model": "mainapp.productcategory", "pk": 5, "fields": {"name": "товары для кухни", "description": "полезное для кухни 2017", "is_active": false}}, {"model": "mainapp.product", "pk": 1, "fields": {"category": 1, "name": "комфорт 1", "image": "products_images/product-1.jpg", "short_desc": "комфортный стул", "description": "подойдет для просмотра фильмов", "price": "2989.50", "quantity": 40, "is_active": true}}, {"model": "mainapp.product", "pk": 2, "fields": {"category": 1, "name": "комфорт 2", "image": "products_images/product-2.jpg", "short_desc": "очень комфортный стул", "description": "подойдет для общения с друзьями", "price": "3687.20", "quantity": 21, "is_active": true}}, {"model": "mainapp.product", "pk": 3, "fields": {"category": 1, "name": "люкс", "image": "products_images/product-3.jpg", "short_desc": "использованы премиальные материалы", "description": "для тех, кто стремится к лучшему", "price": "8157.99", "quantity": 7, "is_active": true}}, {"model": "mainapp.product", "pk": 4, "fields": {"category": 1, "name": "люкс 2", "image": "products_images/product-4.jpg", "short_desc": "использованы премиальные материалы", "description": "для тех, кто стремится к лучшему", "price": "9157.99", "quantity": 5, "is_active": true}}, {"model": "mainapp.product", "pk": 5, "fields": {"category": 1, "name": "люкс 3", "image": "products_images/product-5.jpg", "short_desc": "использованы премиальные материалы", "description": "для тех, кто стремится к лучшему", "price": "10157.99", "quantity": 6, "is_active": true}}, {"model": "mainapp.product", "pk": 6, "fields": {"category": 2, "name": "стандарт", "image": "products_images/product-6.jpg", "short_desc": "универсальное решение 2017 года", "description": "подойдет для любого офиса. отличные характеристики", "price": "1895.25", "quantity": 28, "is_active": true}}, {"model": "mainapp.product", "pk": 7, "fields": {"category": 2, "name": "премиум", "image": "products_images/product-7.jpg", "short_desc": "улучшенный дизайн", "description": "идеально впишется в строгий интерьер офиса", "price": "3587.41", "quantity": 8, "is_active": true}}, {"model": "mainapp.product", "pk": 8, "fields": {"category": 2, "name": "премиум 2", "image": "products_images/product-8.jpg", "short_desc": "улучшенный дизайн", "description": "идеально впишется в строгий интерьер офиса", "price": "4587.41", "quantity": 8, "is_active": true}}, {"model": "mainapp.product", "pk": 9, "fields": {"category": 3, "name": "новинка", "image": "products_images/product-9.jpg", "short_desc": "инновационный дизайн", "description": "нестандартное решение для современного интерьера", "price": "5361.47", "quantity": 18, "is_active": true}}, {"model": "mainapp.product", "pk": 10, "fields": {"category": 3, "name": "прогресс", "image": "products_images/product-10.jpg", "short_desc": "прогрессивный дизайн", "description": "функциональное и комфортное решение", "price": "6789.33", "quantity": 10, "is_active": true}}, {"model": "mainapp.product", "pk": 11, "fields": {"category": 3, "name": "прогресс 2", "image": "products_images/product-11.jpg", "short_desc": "прогрессивный дизайн", "description": "функциональное и комфортное решение", "price": "7789.33", "quantity": 11, "is_active": true}}, {"model": "mainapp.product", "pk": 12, "fields": {"category": 3, "name": "прогресс 3", "image": "products_images/product-12.jpg", "short_desc": "прогрессивный дизайн", "description": "функциональное и комфортное решение", "price": "9789.33", "quantity": 7, "is_active": true}}, {"model": "mainapp.product", "pk": 13, "fields": {"category": 4, "name": "венеция", "image": "products_images/product-13.jpg", "short_desc": "классические формы", "description": "окунитесь в европейский комфорт", "price": "4147.51", "quantity": 33, "is_active": true}}, {"model": "mainapp.product", "pk": 14, "fields": {"category": 4, "name": "тоскана", "image": "products_images/product-14.jpg", "short_desc": "эргономичная спинка", "description": "почувствуйте комфорт и насладитесь цветовой гаммой", "price": "7147.35", "quantity": 22, "is_active": true}}, {"model": "mainapp.product", "pk": 15, "fields": {"category": 4, "name": "рим", "image": "products_images/product-15.jpg", "short_desc": "удачные пропорции", "description": "компактность и функциональность", "price": "8357.77", "quantity": 7, "is_active": true}}, {"model": "mainapp.product", "pk": 16, "fields": {"category": 4, "name": "рим 2", "image": "products_images/product-16.jpg", "short_desc": "удачные пропорции", "description": "компактность и функциональность", "price": "9357.77", "quantity": 27, "is_active": true}}, {"model": "mainapp.product", "pk": 17, "fields": {"category": 4, "name": "рим 3", "image": "products_images/product-17.jpg", "short_desc": "удачные пропорции", "description": "компактность и функциональность", "price": "10357.77", "quantity": 6, "is_active": true}}, {"model": "mainapp.product", "pk": 18, "fields": {"category": 2, "name": "офисный стул 4", "image": "", "short_desc": "удлиненная спинка", "description": "для людей высокого роста", "price": "1897.44", "quantity": 18, "is_active": false}}, {"model": "authapp.shopuser", "pk": 1, "fields": {"password": "pbkdf2_sha256$260000$f7DqCA5DHGwa6PWNymHOCT$HwkmIg3NEwT6+XBZFnQm6AWWhLBwKubc0r36m1jLzDA=", "last_login": "2021-07-13T13:59:36.004Z", "is_superuser": true, "username": "django", "first_name": "Andrey", "last_name": "", "email": "django@geekshop.local", "is_staff": true, "is_active": true, "date_joined": "2017-10-18T12:46:45.112Z", "avatar": "", "age": 33, "activation_key": "", "activation_key_created": "2021-06-20T15:56:17.138Z", "groups": [], "user_permissions": []}}, {"model": "authapp.shopuser", "pk": 2, "fields": {"password": "pbkdf2_sha256$30000$TibmK0AuZEVN$KOczqCTahCoBw7f6JgV5cDMaytWm7qHpqiNRCcL7vnw=", "last_login": "2017-10-21T09:38:08.255Z", "is_superuser": false, "username": "user1", "first_name": "Пользователь 1", "last_name": "", "email": "user1@geekshop.ru", "is_staff": false, "is_active": true, "date_joined": "2017-10-21T09:35:58.357Z", "avatar": "users_avatars/Jellyfish.jpg", "age": 28, "activation_key": "", "activation_key_created": "2021-06-20T15:56:17.138Z", "groups": [], "user_permissions": []}}, {"model": "authapp.shopuser", "pk": 3, "fields": {"password": "pbkdf2_sha256$30000$yo2DzfanHzWV$ZiZ5mJrH7O7nlWXGRNr9E/H8OATrs+sDcdsu/qX0Tiw=", "last_login": null, "is_superuser": false, "username": "user2", "first_name": "", "last_name": "", "email": "user2@geekshop.ru", "is_staff": false, "is_active": true, "date_joined": "2017-10-21T10:27:36Z", "avatar": "users_avatars/Tulips.jpg", "age": 39, "activation_key": "", "activation_key_created": "2021-06-20T15:56:17.138Z", "groups": [], "user_permissions": []}}, {"model": "authapp.shopuser", "pk": 4, "fields": {"password": "pbkdf2_sha256$30000$J5VHESGhsJQ2$GKCnuIhscf6HLBlxrzwpXtV/o5BbhzBbImsOCXV7Eho=", "last_login": null, "is_superuser": false, "username": "user3", "first_name": "", "last_name": "", "email": "1@1.ru", "is_staff": false, "is_active": true, "date_joined": "2017-10-21T10:29:06Z", "avatar": "", "age": 19, "activation_key": "", "activation_key_created": "2021-06-20T15:56:17.138Z", "groups": [], "user_permissions": []}}, {"model": "authapp.shopuser", "pk": 5, "fields": {"password": "pbkdf2_sha256$30000$MtGCYwfLYlHX$m1E3qaaz5vb6azqPE5zI8hlBJOHl7vuecebnMLDO6SI=", "last_login": null, "is_superuser": false, "username": "user4", "first_name": "", "last_name": "", "email": "1@1.ru", "is_staff": false, "is_active": true, "date_joined": "2017-10-21T10:29:42Z", "avatar": "", "age": 19, "activation_key": "", "activation_key_created": "2021-06-20T15:56:17.138Z", "groups": [], "user_permissions": []}}, {"model": "authapp.shopuser", "pk": 6, "fields": {"password": "pbkdf2_sha256$30000$iULsZkzlNJlW$kKb/918Jw3Ba41OTfkOe5KyHogjeXhOAsgIt04ZHoAE=", "last_login": null, "is_superuser": false, "username": "user7", "first_name": "Пользователь 7", "last_name": "", "email": "7@geekshop.ru", "is_staff": false, "is_active": false, "date_joined": "2017-10-21T10:54:15.921Z", "avatar": "users_avatars/Hydrangeas.jpg", "age": 56, "activation_key": "", "activation_key_created": "2021-06-20T15:56:17.138Z", "groups": [], "user_permissions": []}}, {"model": "authapp.shopuser", "pk": 7, "fields": {"password": "pbkdf2_sha256$30000$WvXgdyZ5PfKG$8pT4FzHLw5uT+NOYLgaTkmhHXQdpW0pk6VIDhndReTk=", "last_login": null, "is_superuser": false, "username": "user9", "first_name": "Пользователь 9", "last_name": "", "email": "user9@geekshop.ru", "is_staff": false, "is_active": false, "date_joined": "2017-10-21T11:02:33Z", "avatar": "users_avatars/Chrysanthemum.jpg", "age": 19, "activation_key": "", "activation_key_created": "2021-06-20T15:56:17.138Z", "groups": [], "user_permissions": []}}, {"model": "authapp.shopuser", "pk": 8, "fields": {"password": "pbkdf2_sha256$260000$NhSPeoxoiktshw7VmSQiiK$pIP18sfHO+rrqfGwI2BD5AUen9VNbH3bDFfupxYCcT4=", "last_login": null, "is_superuser": false, "username": "qwert", "first_name": "Доромидонт", "last_name": "", "email": "nassa1983@mail.ru", "is_staff": false, "is_active": false, "date_joined": "2021-06-20T16:15:18.858Z", "avatar": "", "age": 45, "activation_key": "d89df961dd9661380f2dd1cc3a20477a3dbcce7e", "activation_key_created": "2021-06-20T16:15:19.141Z", "groups": [], "user_permissions": []}}, {"model": "authapp.shopuser", "pk": 9, "fields": {"password": "pbkdf2_sha256$260000$NpLy9zUEWi1p8tNDLiOdjI$r3YdHDHHvY623VoTonCWljGtzbcIu7s03Q7nLbTBtR0=", "last_login": "2021-06-23T17:15:31.016Z", "is_superuser": false, "username": "django10", "first_name": "gknalfkn", "last_name": "", "email": "nassa1983@mail.ru", "is_staff": false, "is_active": false, "date_joined": "2021-06-20T16:28:27Z", "avatar": "", "age": 34, "activation_key": "931a179d77930cda93679df5b0f0e8dd35371603", "activation_key_created": "2021-06-20T16:28:27.616Z", "groups": [], "user_permissions": []}}, {"model": "authapp.shopuser", "pk": 10, "fields": {"password": "pbkdf2_sha256$260000$0cc0oG6AkrxDpP5fO157aT$bRgztoMx6cOOBBA5V3ZeiD72xlP+cfFb/tGv/4/A4z8=", "last_login": null, "is_superuser": false, "username": "user11", "first_name": "Mihail", "last_name": "", "email": "tina@candelaki.loc", "is_staff": false, "is_active": false, "date_joined": "2021-06-23T17:23:04.502Z", "avatar": "", "age": 18, "activation_key": "f0c7d3edb84fbb91eda00a535a32235cad152d31", "activation_key_created": "2021-06-23T17:23:04.796Z", "groups": [], "user_permissions": []}}, {"model": "authapp.shopuser", "pk": 11, "fields": {"password": "pbkdf2_sha256$260000$tZJZqsUTbLcxG9GdWPUCmn$7jUcfjKQ6joBEMkR9ZR8xGDtb+Ebo0m+AsiY9fSyv+s=", "last_login": "2021-06-28T15:10:46.046Z", "is_superuser": false, "username": "user12", "first_name": "anka", "last_name": "", "email": "narod@mail.loc", "is_staff": false, "is_active": true, "date_joined": "2021-06-23T17:24:34.386Z", "avatar": "", "age": 18, "activation_key": "", "activation_key_created": null, "groups": [], "user_permissions": []}}, {"model": "authapp.shopuser", "pk": 12, "fields": {"password": "pbkdf2_sha256$260000$nkbxTifIqGVNGJDbHNVu6r$nxikQs8WoVI9NAu1QnHOJAwY9FZ/qRUjQahfFdQ6Y9E=", "last_login": "2021-06-28T14:23:27.808Z", "is_superuser": false, "username": "user13", "first_name": "Доромидонт", "last_name": "", "email": "nasxw@mamama.loc", "is_staff": false, "is_active": true, "date_joined": "2021-06-23T17:54:10.743Z", "avatar": "", "age": 35, "activation_key": "", "activation_key_created": null, "groups": [], "user_permissions": []}}, {"model": "authapp.shopuser", "pk": 14, "fields": {"password": "!VaLAKv3y3v5ggGseYhRDOpcwxxQkVxrT5roLZqIo", "last_login": "2021-06-28T14:28:36.128Z", "is_superuser": false, "username": "andrey_nikitin_83", "first_name": "Андрей", "last_name": "Никитин", "email": "nassa1983@mail.ru", "is_staff": false, "is_active": true, "date_joined": "2021-06-25T16:03:02.876Z", "avatar": "", "age": 18, "activation_key": "", "activation_key_created": "2021-06-25T16:03:02.877Z", "groups": [], "user_permissions": []}}, {"model": "authapp.shopuserprofile", "pk": 1, "fields": {"user": 1, "tagline": "", "aboutMe": "", "gender": "M"}}, {"model": "authapp.shopuserprofile", "pk": 2, "fields": {"user": 2, "tagline": "", "aboutMe": "", "gender": ""}}, {"model": "authapp.shopuserprofile", "pk": 3, "fields": {"user": 3, "tagline": "", "aboutMe": "", "gender": ""}}, {"model": "authapp.shopuserprofile", "pk": 4, "fields": {"user": 4, "tagline": "", "aboutMe": "", "gender": ""}}, {"model": "authapp.shopuserprofile", "pk": 5, "fields": {"user": 5, "tagline": "", "aboutMe": "", "gender": ""}}, {"model": "authapp.shopuserprofile", "pk": 6, "fields": {"user": 6, "tagline": "", "aboutMe": "", "gender": ""}}, {"model": "authapp.shopuserprofile", "pk": 7, "fields": {"user": 7, "tagline": "", "aboutMe": "", "gender": ""}}, {"model": "authapp.shopuserprofile", "pk": 8, "fields": {"user": 8, "tagline": "", "aboutMe": "", "gender": ""}}, {"model": "authapp.shopuserprofile", "pk": 9, "fields": {"user": 9, "tagline": "", "aboutMe": "", "gender": ""}}, {"model": "authapp.shopuserprofile", "pk": 10, "fields": {"user": 10, "tagline": "", "aboutMe": "", "gender": ""}}, {"model": "authapp.shopuserprofile", "pk": 11, "fields": {"user": 11, "tagline": "", "aboutMe": "", "gender": "W"}}, {"model": "authapp.shopuserprofile", "pk": 12, "fields": {"user": 12, "tagline": "", "aboutMe": "", "gender": "M"}}, {"model": "authapp.shopuserprofile", "pk": 14, "fields": {"user": 14, "tagline": "", "aboutMe": "", "gender": "M"}}, {"model": "basketapp.basket", "pk": 45, "fields": {"user": 1, "product": 1, "quantity": 1, "add_datetime": "2021-07-13T15:02:34.997Z"}}, {"model": "basketapp.basket", "pk": 46, "fields": {"user": 1, "product": 15, "quantity": 1, "add_datetime": "2021-07-13T15:02:36.462Z"}}, {"model": "basketapp.basket", "pk": 47, "fields": {"user": 1, "product": 10, "quantity": 2, "add_datetime": "2021-07-13T15:02:38.858Z"}}, {"model": "basketapp.basket", "pk": 48, "fields": {"user": 1, "product": 7, "quantity": 1, "add_datetime": "2021-07-13T15:02:39.962Z"}}, {"model": "ordersapp.order", "pk": 1, "fields": {"user": 1, "created": "2021-06-27T17:32:28.802Z", "updated": "2021-06-27T17:32:54.757Z", "status": "STP", "is_active": true}}, {"model": "ordersapp.order", "pk": 2, "fields": {"user": 1, "created": "2021-06-27T17:33:24.148Z", "updated": "2021-06-27T17:54:55.570Z", "status": "FM", "is_active": false}}, {"model": "ordersapp.order", "pk": 3, "fields": {"user": 1, "created": "2021-06-27T17:33:53.647Z", "updated": "2021-06-27T17:54:52.449Z", "status": "FM", "is_active": false}}, {"model": "ordersapp.order", "pk": 4, "fields": {"user": 1, "created": "2021-06-28T12:51:47.080Z", "updated": "2021-06-28T12:52:09.488Z", "status": "STP", "is_active": true}}, {"model": "ordersapp.order", "pk": 5, "fields": {"user": 1, "created": "2021-06-28T13:11:50.502Z", "updated": "2021-06-28T13:12:23.170Z", "status": "FM", "is_active": false}}, {"model": "ordersapp.order", "pk": 6, "fields": {"user": 1, "created": "2021-06-28T13:31:41.057Z", "updated": "2021-06-28T13:32:14.756Z", "status": "STP", "is_active": true}}, {"model": "ordersapp.order", "pk": 7, "fields": {"user": 1, "created": "2021-06-28T13:39:30.648Z", "updated": "2021-06-28T13:39:39.031Z", "status": "FM", "is_active": false}}, {"model": "ordersapp.order", "pk": 8, "fields": {"user": 1, "created": "2021-06-28T13:39:52.842Z", "updated": "2021-06-28T13:40:36.264Z", "status": "FM", "is_active": false}}, {"model": "ordersapp.order", "pk": 9, "fields": {"user": 1, "created": "2021-06-28T13:46:51.072Z", "updated": "2021-06-28T13:47:39.033Z", "status": "FM", "is_active": false}}, {"model": "ordersapp.order", "pk": 10, "fields": {"user": 1, "created": "2021-06-28T13:47:25.849Z", "updated": "2021-06-28T13:47:45.929Z", "status": "STP", "is_active": true}}, {"model": "ordersapp.order", "pk": 11, "fields": {"user": 1, "created": "2021-06-28T14:15:27.753Z", "updated": "2021-06-28T14:18:25.510Z", "status": "FM", "is_active": false}}, {"model": "ordersapp.order", "pk": 12, "fields": {"user": 1, "created": "2021-06-28T14:20:09.976Z", "updated": "2021-06-28T14:20:10.337Z", "status": "FM", "is_active": false}}, {"model": "ordersapp.order", "pk": 13, "fields": {"user": 12, "created": "2021-06-28T14:23:44.511Z", "updated": "2021-06-28T14:23:51.188Z", "status": "STP", "is_active": true}}, {"model": "ordersapp.order", "pk": 14, "fields": {"user": 12, "created": "2021-06-28T14:23:57.234Z", "updated": "2021-06-28T14:23:57.698Z", "status": "FM", "is_active": false}}, {"model": "ordersapp.order", "pk": 15, "fields": {"user": 12, "created": "2021-06-28T14:24:11.016Z", "updated": "2021-06-28T14:24:11.199Z", "status": "FM", "is_active": true}}, {"model": "ordersapp.order", "pk": 16, "fields": {"user": 14, "created": "2021-06-28T14:25:00.365Z", "updated": "2021-06-28T14:34:26.044Z", "status": "STP", "is_active": true}}, {"model": "ordersapp.order", "pk": 17, "fields": {"user": 14, "created": "2021-06-28T14:34:10.912Z", "updated": "2021-06-28T14:34:11.097Z", "status": "FM", "is_active": true}}, {"model": "ordersapp.order", "pk": 18, "fields": {"user": 1, "created": "2021-06-28T15:10:21.484Z", "updated": "2021-07-13T14:05:27.171Z", "status": "FM", "is_active": true}}, {"model": "ordersapp.order", "pk": 19, "fields": {"user": 1, "created": "2021-07-13T15:05:24.628Z", "updated": "2021-07-13T15:05:24.905Z", "status": "FM", "is_active": true}}, {"model": "ordersapp.orderitem", "pk": 1, "fields": {"order": 1, "product": 2, "quantity": 5}}, {"model": "ordersapp.orderitem", "pk": 2, "fields": {"order": 2, "product": 6, "quantity": 1}}, {"model": "ordersapp.orderitem", "pk": 3, "fields": {"order": 3, "product": 13, "quantity": 4}}, {"model": "ordersapp.orderitem", "pk": 4, "fields": {"order": 4, "product": 1, "quantity": 7}}, {"model": "ordersapp.orderitem", "pk": 5, "fields": {"order": 4, "product": 16, "quantity": 6}}, {"model": "ordersapp.orderitem", "pk": 6, "fields": {"order": 4, "product": 14, "quantity": 1}}, {"model": "ordersapp.orderitem", "pk": 7, "fields": {"order": 4, "product": 13, "quantity": 1}}, {"model": "ordersapp.orderitem", "pk": 8, "fields": {"order": 5, "product": 1, "quantity": 7}}, {"model": "ordersapp.orderitem", "pk": 9, "fields": {"order": 5, "product": 16, "quantity": 6}}, {"model": "ordersapp.orderitem", "pk": 10, "fields": {"order": 5, "product": 14, "quantity": 1}}, {"model": "ordersapp.orderitem", "pk": 11, "fields": {"order": 5, "product": 13, "quantity": 1}}, {"model": "ordersapp.orderitem", "pk": 12, "fields": {"order": 6, "product": 1, "quantity": 7}}, {"model": "ordersapp.orderitem", "pk": 13, "fields": {"order": 6, "product": 16, "quantity": 6}}, {"model": "ordersapp.orderitem", "pk": 16, "fields": {"order": 7, "product": 1, "quantity": 7}}, {"model": "ordersapp.orderitem", "pk": 17, "fields": {"order": 7, "product": 16, "quantity": 6}}, {"model": "ordersapp.orderitem", "pk": 18, "fields": {"order": 7, "product": 14, "quantity": 1}}, {"model": "ordersapp.orderitem", "pk": 19, "fields": {"order": 7, "product": 13, "quantity": 1}}, {"model": "ordersapp.orderitem", "pk": 20, "fields": {"order": 8, "product": 1, "quantity": 3}}, {"model": "ordersapp.orderitem", "pk": 21, "fields": {"order": 8, "product": 16, "quantity": 2}}, {"model": "ordersapp.orderitem", "pk": 22, "fields": {"order": 8, "product": 14, "quantity": 1}}, {"model": "ordersapp.orderitem", "pk": 23, "fields": {"order": 8, "product": 13, "quantity": 1}}, {"model": "ordersapp.orderitem", "pk": 24, "fields": {"order": 9, "product": 1, "quantity": 7}}, {"model": "ordersapp.orderitem", "pk": 25, "fields": {"order": 9, "product": 16, "quantity": 6}}, {"model": "ordersapp.orderitem", "pk": 26, "fields": {"order": 9, "product": 14, "quantity": 1}}, {"model": "ordersapp.orderitem", "pk": 27, "fields": {"order": 9, "product": 13, "quantity": 1}}, {"model": "ordersapp.orderitem", "pk": 28, "fields": {"order": 10, "product": 3, "quantity": 3}}, {"model": "ordersapp.orderitem", "pk": 29, "fields": {"order": 11, "product": 5, "quantity": 3}}, {"model": "ordersapp.orderitem", "pk": 30, "fields": {"order": 13, "product": 1, "quantity": 2}}, {"model": "ordersapp.orderitem", "pk": 31, "fields": {"order": 13, "product": 16, "quantity": 1}}, {"model": "ordersapp.orderitem", "pk": 32, "fields": {"order": 13, "product": 2, "quantity": 1}}, {"model": "ordersapp.orderitem", "pk": 33, "fields": {"order": 14, "product": 2, "quantity": 0}}, {"model": "ordersapp.orderitem", "pk": 34, "fields": {"order": 15, "product": 2, "quantity": 3}}, {"model": "ordersapp.orderitem", "pk": 35, "fields": {"order": 16, "product": 1, "quantity": 1}}, {"model": "ordersapp.orderitem", "pk": 36, "fields": {"order": 16, "product": 15, "quantity": 1}}, {"model": "ordersapp.orderitem", "pk": 37, "fields": {"order": 17, "product": 15, "quantity": 1}}, {"model": "ordersapp.orderitem", "pk": 38, "fields": {"order": 17, "product": 5, "quantity": 1}}, {"model": "ordersapp.orderitem", "pk": 39, "fields": {"order": 18, "product": 2, "quantity": 1}}, {"model": "ordersapp.orderitem", "pk": 40, "fields": {"order": 18, "product": 4, "quantity": 2}}, {"model": "ordersapp.orderitem", "pk": 41, "fields": {"order": 18, "product": 6, "quantity": 5}}, {"model": "ordersapp.orderitem", "pk": 42, "fields": {"order": 19, "product": 1, "quantity": 1}}, {"model": "social_django.usersocialauth", "pk": 2, "fields": {"user": 14, "provider": "vk-oauth2", "uid": "7865343", "extra_data": "{\"auth_time\": 1624890515, \"id\": 7865343, \"expires\": 86400, \"access_token\": \"39ae6bcd08232a0cadb50e15bc694472970cd1dac804016a813fac9324ba6b026f7bc3e04d568de641b5b\", \"token_type\": null}", "created": "2021-06-25T16:03:03.523Z", "modified": "2021-06-28T14:28:35.740Z"}}]